{"1": "Actually, I think I'm beating it back with sheer willpower. (grows another lump) Oh, my.", "2": "No! Because no matter how messed up and lumpy I get, this guy never turns his back on me! (turns into Lumpy Jake) Oh yeah. Right behind ya. Just gotta turn my back on this guy.", "3": "Sleds are for suckers! Just ride on my gut!", "4": "Slime Princess, you shouldn't marry Finn. He pees his pants constantly. All the time.\t", "5": "She got past me, man. I tried to stop her, but she overpowered me.\t", "6": "Hey! Crack open that book and read something for fun's sake, alright?", "7": "Seriously, Stanley... For a watermelon, you get into trouble way more often than you should.\t", "8": "(Imitating Princess Bubblegum) Hey, shorty. You should pick your boogers and then fart! (Imitating Ricardio) You look kinda like a big pink baguette!", "9": "I keep finding baby shoes. What the heck, man? And they're all lefties!", "10": "You know what they remind me of? Well-dressed pickles", "11": "(imitating the Ice King) I'm the Ice King, and I'll never find a bride because I'm such a tool!", "12": "Uhh... No. No, she didn't say 'diarrhea who.' She didn't... say it.", "13": "He still cries when he poops. Thanks for being cool, guys.", "14": "This dolphin fell in love with me!\t", "15": "I wasn't scared! I was singing! I was singing my scream song. Wooaah! Wooaaooh!", "16": "Finn, House-hunting is wiiiild! You've got to try it.\t", "17": "I'd rather be dancin' with some babes!", "18": "My subconscious must be hungry, huh?", "19": "You guys are so cute, I could just maul you to death.", "20": "Hey, hey. Come on, the ocean is your friend, and you got friends all around you right now. Miles and miles of friends.", "21": "I can't have you messin' up my bread and butter, dude.", "22": "And also swear to only speak in rhymes. Speak in rhymes all the times!", "23": "(deep, Elvis-like voice) Whatever you want, mama.", "24": "Come put her out of her misery, dude.", "25": "Eh. Um. Uh. I choose... sandwich.\t", "26": "Just hop on my powdered doughnut, boy!\t", "27": "Nah, we're more like cops. Crooked cops!", "28": "I could probably think of a reason of why that's villainous if you gave me enough time. Maybe...", "29": "I'll kill you and raise your children as my own!", "30": "I'm gonna go rescue all the babies in town. Only the babies.", "31": "Get your hero on, dude!", "32": "Heh heh. I can't take you seriously when you're singing, man.", "33": "Safety! Patrol! Safety patrol! Safety... Oh, were we not wearing the uniforms?\t", "34": "I have pants! Spun from spider webs... by pixies.\t", "35": "I wanna help you outta this, man, but she scares the filling outta my doughnut!", "36": "Don't you worry, Finn. I'll get you out of there. I've got a perfect plan! (Marceline sees him & hisses at him, scaring him off) I'm not running away, Finn! This is just part of my plan!", "37": "I saved my bro from a scum-sucking vampire!", "38": "The bazooka goblin has you in its sights!", "39": "Dang girl, if you weren't a figment of my imagination, I'd wanna to have your baby...", "40": "Oh man, I imagined my mom naked! Yuck!", "41": "Dude, be calmed by my saliva.", "42": "Dude, suckin' at something is the first step towards being sorta good at something. You and I are like little baby Billys right now. And we're \"sucking\" on our first bottle of nonviolent milk.", "43": "I'm not cute, I'll mess you up...", "44": "Hey, get outta here, horse! I wanna go to sleep and you're creeping me the math out!", "45": "Forget it, man. This horse is whack. It's got poobrain.", "46": "Yeah. I know, Finn. I diagnosed this horse with whacked out poobrain 5 minutes ago.", "47": "Dude, let's kill the horse.\t", "48": "Did you find out that I sleep in the nude? It's none of your business how nude I sleep, Ice King! None of your business!", "49": "You don't just read the poetry to understand it, you got to feel it.", "50": "Then just make it think it's her idea. That's how you make the ladies do what you want.", "51": "Bad computer! No! No! Go sit in the corner, and think about your life.", "52": "Girl, you smell good. Did you take a bath in rainbows and cupcakes?", "53": "Dude, I'm going in.", "54": "Take my sandwich, BMO. I'm gonna go find Fi-- (gasps) A dancing bug!", "55": "Must... find... Finn! Must... must... (voice gets slightly deeper) party foreverrrrrrr!", "56": "If I had a penny for every time someone went crazy, hopped up and magic energy... I'd be Abraham Lincoln.", "57": "Uh-oh. Somebody's gonna do a quest for a frog.", "58": "Gee! Sittin' in this hot sun guarding beans. Boy, it sure beats 26 miles of vanilla ice cream, or caramel ice cream, or peach ice cream.", "59": "This pod makes ice cream outta nothing! It's the goodest thing that's ever happened to me.", "60": "Buddy, just breathe into me", "61": "Hey, Finn, let's split. This turned out to be boring.", "62": "It's probably a computal gleetch.", "63": "Easy peasy, livin' greasy!", "64": "They're trying to peel me! I'm... not... a... banana!", "65": "We can rule them, like gods...(deep voice) angry gods.", "66": "(Susan Strong falls on the grass) You killed her... Yep. Felled by surface world germs.", "67": "You're sick, Party Pat! I'm gonna go watch T.V.", "68": "Hey man, watch it. I think that's my nerp, but like super stretched out.", "69": "Yeah, I could go for some blood.", "70": "And what if we turn evil? I'll have to start wearing cologne.\t", "71": "I love you, Everything burrito.", "72": "Wanna just smash 'em all?\t", "73": "Tastes better than blood! Or does it? Hey Finn, you think blood tastes better than ketchup?", "74": "(mumbling in his sleep) Meat Man. I'm sorry, Meat Man. I didn't mean it, man.\t", "75": "It's not easy, but you have to be persistent. You might have to defeat a demon lord, or warp through several worlds. But once you do, you walk up the wizard stairs, and produce your magic key you got in the water world and unlock the chamber door. Then, you walk right up to the princess, and give her a smooch. ...Does that make sense?", "76": "Well, I know what's missing. Talent. I'm getting out of here, you hacks. Talentless hacks!", "77": "Oh, I'm coming with you... if only to be disruptive and obnoxious!", "78": "Fish People! I'll be, um... a dolphin!", "79": "Whatever, man. This is a crazy cruise, and Susan is our crazy captain, and I'm a crazy clam shell!", "80": "I'm puttin' an end to all this craziness with my Pick-Axe Hand.", "81": "This ghost ain't home, man.", "82": "Gotta find a honey for my homie! A baby for my buddy! (Deep voice) A lady... for my laddie...", "83": "They're all burned! There's barbequed bods everywhere!", "84": "Love like theirs will always find a way. It will crawl up all over you and drain your body fluids, poisoning you slowly until you pass out. Circle of life, Finn\u00e2\u20ac\u00a6 circle of life.", "85": "Yaaaaaaay! Noooooo!", "86": "Your heart may be small, but it's strong as a bull donk, and I know. You can wait through this line, so we can meet Hunson Abadeer and find out why we're here and why we we're in a pile of ba\u00c3\u00b1anles.", "87": "It's not answering questions, man. That thing's gonna bake our beans!", "88": "When you see the wicker devil in the tree afterlife, tell him Jake says, 'Hello.'", "89": "Jakoria will reclaim what we have lost!\t", "90": "Let me explain some junk about dating. Right now you're at tier one, which is hugging, but pretty soon you'll be at tier two, which is smooching. Then down the road you'll reach tier five, when she'll let you discover all fifteen feet of her long, beautiful stomach. And after a while you'll make it to tier eight where you touch her horn for the very first time. Very special.", "91": "Stay away from that! Do not do tier fifteen!", "92": "Ok, Princess. You need to stop breaking in here!", "93": "Back off Bubblegum, that's his man's biz.", "94": "You heartless monster! Do you have any idea how much he's cried over you? Finn deserves to be happy! Even if his bloopin' face gets burned off. You should be ashamed. You're sick!", "95": "I'm-- puppies?!", "96": "Bad biscuits make the baker broke, bro.", "97": "Your constant harassment of the female gender makes me siiick", "98": "I dreamed I was in kindergarten again, but I had really big feet, and was also the teacher.", "99": "I wish for... a sandwich!", "100": "Oh, what a good boy am I!", "101": "Don't let the dragon drag on.", "102": "Being crazy is hard. You\u00e2\u20ac\u2122re getting all hung up, all hung up on imaginary problems. You gotta focus on what\u00e2\u20ac\u2122s real, man.", "103": "Hey, a bubble! Pop!", "104": "I look pretty!", "105": "I really like turnin' into cop stuff. I literally can't stop turning into cop stuff.", "106": "Dude, don't make me feel any more awkward than I already do!", "107": "Cram your tram!", "108": "Listen. I want to see you two do things for this bag of money.", "109": "I'm sorry you were born a fly and I had to kill you, you disgusting, disgusting creature.", "110": "Moe probably only, like, listens to the sound of the earth decaying.", "111": "I dont think Im totally scoopin what youre poopin'.", "112": " blah blah bleeh blah", "113": "Pumps and bumps!"}